loc_id,portnumber,accnumber,locnumber,loc_idx,peril_id,coverage_type_id,tiv,coverage_id,item_id,layer_id,agg_id
1,fm8,1,1,0,WTC,1,1000000.0,1,1,1,1
1,fm8,1,1,0,WTC,2,100000.0,2,2,1,2
1,fm8,1,1,0,WTC,3,50000.0,3,3,1,3
1,fm8,1,1,0,WTC,4,20000.0,4,4,1,4
2,fm8,1,2,1,WTC,1,1000000.0,5,5,1,5
2,fm8,1,2,1,WTC,2,100000.0,6,6,1,6
2,fm8,1,2,1,WTC,3,50000.0,7,7,1,7
2,fm8,1,2,1,WTC,4,20000.0,8,8,1,8
