acc_idx,accnumber,agg_id,coverage_id,coverage_type_id,layer_id,loc_id,loc_idx,locnumber,peril_id,polnumber,portnumber,tiv,output_id
0,1,1,1,1,1,1,0,1,WTC,1,fm8,1000000.0,1
0,1,2,2,2,1,1,0,1,WTC,1,fm8,100000.0,2
0,1,3,3,3,1,1,0,1,WTC,1,fm8,50000.0,3
0,1,4,4,4,1,1,0,1,WTC,1,fm8,20000.0,4
0,1,5,5,1,1,2,1,2,WTC,1,fm8,1000000.0,5
0,1,6,6,2,1,2,1,2,WTC,1,fm8,100000.0,6
0,1,7,7,3,1,2,1,2,WTC,1,fm8,50000.0,7
0,1,8,8,4,1,2,1,2,WTC,1,fm8,20000.0,8
